"bae9f4 href","ecac7b src","e05d24","b8e2ea","c166ec","dc097a","dc097a 2","c166ec 2","ecac7b"
"https://www2.hm.com/en_in/productpage.0685816002.html","https://image.hm.com/assets/hm/ba/f9/baf9ae5354aeeffd3123060ca22d59166d552c6e.jpg?imwidth=1536","Save Regular Fit T-shirt to favourites","Regular Fit T-shirt","Rs.399.00","+23","","",""
"https://www2.hm.com/en_in/productpage.0967955141.html","https://image.hm.com/assets/hm/f4/ae/f4ae693d49c62ee89bfc8e14601d3b0184df829d.jpg?imwidth=1536","Save Loose Fit Printed T-shirt to favourites","Loose Fit Printed T-shirt","Rs.799.00","+19","Member price:","Rs.679.00",""
"https://www2.hm.com/en_in/productpage.0972640163.html","https://image.hm.com/assets/hm/d0/24/d02481cb5fea2613a6a7bfdaddf44b993deec060.jpg?imwidth=1536","Save Loose Fit T-shirt to favourites","Loose Fit T-shirt","Rs.999.00","+21","Member price:","Rs.849.00",""
"https://www2.hm.com/en_in/productpage.0967955147.html","https://image.hm.com/assets/hm/c4/c3/c4c3193269bc73b5a5a78193e8e17790011d760e.jpg?imwidth=1536","Save Loose Fit Printed T-shirt to favourites","Loose Fit Printed T-shirt","Rs.799.00","+19","Member price:","Rs.679.00",""
"https://www2.hm.com/en_in/productpage.0967955145.html","https://image.hm.com/assets/hm/48/c7/48c70ac4f4a2c3fd7736782685558c28edc1363f.jpg?imwidth=1536","Save Loose Fit Printed T-shirt to favourites","Loose Fit Printed T-shirt","Rs.799.00","+19","Member price:","Rs.679.00",""
"https://www2.hm.com/en_in/productpage.0945531068.html","","Save 3-pack Regular Fit T-shirts to favourites","3-pack Regular Fit T-shirts","Rs.1,199.00","+6","3 pcs","Rs.399.67",""
"https://www2.hm.com/en_in/productpage.1268967019.html","https://image.hm.com/assets/hm/27/ee/27ee0a381ee13f02043e348df1c2dab4f54f7859.jpg?imwidth=1536","Save Loose Fit Printed T-shirt to favourites","Loose Fit Printed T-shirt","Rs.799.00","+5","Member price:","Rs.679.00",""
"https://www2.hm.com/en_in/productpage.0967955150.html","https://image.hm.com/assets/hm/e7/50/e7506ada2e20ce376b8850711bf6cbaaa5689437.jpg?imwidth=1536","Save Loose Fit Printed T-shirt to favourites","Loose Fit Printed T-shirt","Rs.799.00","+19","Member price:","Rs.679.00",""
"https://www2.hm.com/en_in/productpage.1225609046.html","data:image/gif;base64,R0lGODlhAQABAIAAAAAAAP///yH5BAEAAAAALAAAAAABAAEAAAIBRAA7","Save Loose Fit Vintage-look printed T-shirt to favourites","Loose Fit Vintage-look printed T-shirt","Rs.1,499.00","+3","Member price:","Rs.1,279.00","<img data-src=""assets/hm/1d/f4/1df4144b483f9f04b6c9c372d9fbb294bd676beb.jpg"" data-altimage=""assets/hm/1d/f4/1df4144b483f9f04b6c9c372d9fbb294bd676beb.jpg"" data-alttext=""Loose Fit Vintage-look printed T-shirt - Black/Guns N&#x27; Roses/White/Grateful Dead/Black/Guns N&#x27; Roses/Cream/Nine Inch Nails/White/Nirvana/Light beige/Nirvana"" alt=""Loose Fit Vintage-look printed T-shirt - Black/Guns N&#x27; Roses/White/Grateful Dead/Black/Guns N&#x27; Roses/Cream/Nine Inch Nails/White/Nirvana/Light beige/Nirvana"" loading=""lazy"" decoding=""async"" data-nimg=""fill"" style=""position:absolute;top:0;left:0;bottom:0;right:0;box-sizing:border-box;padding:0;border:none;margin:auto;display:block;width:0;height:0;min-width:100%;max-width:100%;min-height:100%;max-height:100%;object-fit:contain;object-position:50% 50%"" sizes=""(max-width: 420px) calc(50vw - 48px), (max-width: 768px) calc((100vw - 224px - 64px) / 3), calc((100vw - 224px - 64px) / 4)"" srcSet=""https://image.hm.com/assets/hm/c1/62/c162d40d8dfe8c0333775d8564f29047f6d0a288.jpg?imwidth=16 16w, https://image.hm.com/assets/hm/c1/62/c162d40d8dfe8c0333775d8564f29047f6d0a288.jpg?imwidth=32 32w, https://image.hm.com/assets/hm/c1/62/c162d40d8dfe8c0333775d8564f29047f6d0a288.jpg?imwidth=48 48w, https://image.hm.com/assets/hm/c1/62/c162d40d8dfe8c0333775d8564f29047f6d0a288.jpg?imwidth=64 64w, https://image.hm.com/assets/hm/c1/62/c162d40d8dfe8c0333775d8564f29047f6d0a288.jpg?imwidth=96 96w, https://image.hm.com/assets/hm/c1/62/c162d40d8dfe8c0333775d8564f29047f6d0a288.jpg?imwidth=128 128w, https://image.hm.com/assets/hm/c1/62/c162d40d8dfe8c0333775d8564f29047f6d0a288.jpg?imwidth=180 180w, https://image.hm.com/assets/hm/c1/62/c162d40d8dfe8c0333775d8564f29047f6d0a288.jpg?imwidth=256 256w, https://image.hm.com/assets/hm/c1/62/c162d40d8dfe8c0333775d8564f29047f6d0a288.jpg?imwidth=264 264w, https://image.hm.com/assets/hm/c1/62/c162d40d8dfe8c0333775d8564f29047f6d0a288.jpg?imwidth=384 384w, https://image.hm.com/assets/hm/c1/62/c162d40d8dfe8c0333775d8564f29047f6d0a288.jpg?imwidth=396 396w, https://image.hm.com/assets/hm/c1/62/c162d40d8dfe8c0333775d8564f29047f6d0a288.jpg?imwidth=564 564w, https://image.hm.com/assets/hm/c1/62/c162d40d8dfe8c0333775d8564f29047f6d0a288.jpg?imwidth=657 657w, https://image.hm.com/assets/hm/c1/62/c162d40d8dfe8c0333775d8564f29047f6d0a288.jpg?imwidth=768 768w, https://image.hm.com/assets/hm/c1/62/c162d40d8dfe8c0333775d8564f29047f6d0a288.jpg?imwidth=820 820w, https://image.hm.com/assets/hm/c1/62/c162d40d8dfe8c0333775d8564f29047f6d0a288.jpg?imwidth=1260 1260w, https://image.hm.com/assets/hm/c1/62/c162d40d8dfe8c0333775d8564f29047f6d0a288.jpg?imwidth=1536 1536w"" src=""https://image.hm.com/assets/hm/c1/62/c162d40d8dfe8c0333775d8564f29047f6d0a288.jpg?imwidth=1536""/>"
"https://www2.hm.com/en_in/productpage.1268967012.html","data:image/gif;base64,R0lGODlhAQABAIAAAAAAAP///yH5BAEAAAAALAAAAAABAAEAAAIBRAA7","Save Loose Fit Printed T-shirt to favourites","Loose Fit Printed T-shirt","Rs.799.00","+5","Member price:","Rs.679.00","<img data-src=""assets/hm/37/de/37de765c31c6353d852017b6a49204b43d89d991.jpg"" data-altimage=""assets/hm/37/de/37de765c31c6353d852017b6a49204b43d89d991.jpg"" data-alttext=""Loose Fit Printed T-shirt - Blue/Kodak/Navy blue/Peanuts/White/Pepsi/White/Snoopy/White/Vincent van Gogh/Green/Snoopy/Black/Pulp Fiction/White/Garfield"" alt=""Loose Fit Printed T-shirt - Blue/Kodak/Navy blue/Peanuts/White/Pepsi/White/Snoopy/White/Vincent van Gogh/Green/Snoopy/Black/Pulp Fiction/White/Garfield"" loading=""lazy"" decoding=""async"" data-nimg=""fill"" style=""position:absolute;top:0;left:0;bottom:0;right:0;box-sizing:border-box;padding:0;border:none;margin:auto;display:block;width:0;height:0;min-width:100%;max-width:100%;min-height:100%;max-height:100%;object-fit:contain;object-position:50% 50%"" sizes=""(max-width: 420px) calc(50vw - 48px), (max-width: 768px) calc((100vw - 224px - 64px) / 3), calc((100vw - 224px - 64px) / 4)"" srcSet=""https://image.hm.com/assets/hm/57/d9/57d9e1dc9c7f5514c4a800f4f9c31ac844c054c9.jpg?imwidth=16 16w, https://image.hm.com/assets/hm/57/d9/57d9e1dc9c7f5514c4a800f4f9c31ac844c054c9.jpg?imwidth=32 32w, https://image.hm.com/assets/hm/57/d9/57d9e1dc9c7f5514c4a800f4f9c31ac844c054c9.jpg?imwidth=48 48w, https://image.hm.com/assets/hm/57/d9/57d9e1dc9c7f5514c4a800f4f9c31ac844c054c9.jpg?imwidth=64 64w, https://image.hm.com/assets/hm/57/d9/57d9e1dc9c7f5514c4a800f4f9c31ac844c054c9.jpg?imwidth=96 96w, https://image.hm.com/assets/hm/57/d9/57d9e1dc9c7f5514c4a800f4f9c31ac844c054c9.jpg?imwidth=128 128w, https://image.hm.com/assets/hm/57/d9/57d9e1dc9c7f5514c4a800f4f9c31ac844c054c9.jpg?imwidth=180 180w, https://image.hm.com/assets/hm/57/d9/57d9e1dc9c7f5514c4a800f4f9c31ac844c054c9.jpg?imwidth=256 256w, https://image.hm.com/assets/hm/57/d9/57d9e1dc9c7f5514c4a800f4f9c31ac844c054c9.jpg?imwidth=264 264w, https://image.hm.com/assets/hm/57/d9/57d9e1dc9c7f5514c4a800f4f9c31ac844c054c9.jpg?imwidth=384 384w, https://image.hm.com/assets/hm/57/d9/57d9e1dc9c7f5514c4a800f4f9c31ac844c054c9.jpg?imwidth=396 396w, https://image.hm.com/assets/hm/57/d9/57d9e1dc9c7f5514c4a800f4f9c31ac844c054c9.jpg?imwidth=564 564w, https://image.hm.com/assets/hm/57/d9/57d9e1dc9c7f5514c4a800f4f9c31ac844c054c9.jpg?imwidth=657 657w, https://image.hm.com/assets/hm/57/d9/57d9e1dc9c7f5514c4a800f4f9c31ac844c054c9.jpg?imwidth=768 768w, https://image.hm.com/assets/hm/57/d9/57d9e1dc9c7f5514c4a800f4f9c31ac844c054c9.jpg?imwidth=820 820w, https://image.hm.com/assets/hm/57/d9/57d9e1dc9c7f5514c4a800f4f9c31ac844c054c9.jpg?imwidth=1260 1260w, https://image.hm.com/assets/hm/57/d9/57d9e1dc9c7f5514c4a800f4f9c31ac844c054c9.jpg?imwidth=1536 1536w"" src=""https://image.hm.com/assets/hm/57/d9/57d9e1dc9c7f5514c4a800f4f9c31ac844c054c9.jpg?imwidth=1536""/>"
"https://www2.hm.com/en_in/productpage.0578626039.html","","Save 3-pack Slim Fit jersey tops to favourites","3-pack Slim Fit jersey tops","Rs.2,299.00","","3 pcs","Rs.766.33",""
"https://www2.hm.com/en_in/productpage.1216851011.html","","Save 5-pack Regular Fit T-shirts to favourites","5-pack Regular Fit T-shirts","Rs.1,999.00","+7","5 pcs","Rs.399.80",""
"https://www2.hm.com/en_in/productpage.1294399003.html","data:image/gif;base64,R0lGODlhAQABAIAAAAAAAP///yH5BAEAAAAALAAAAAABAAEAAAIBRAA7","Save Oversized Fit T-shirt to favourites","Oversized Fit T-shirt","Rs.1,299.00","+4","Member price:","Rs.1,109.00","<img data-src=""assets/hm/66/20/6620eadd1bfe0141b0455ebaa8810a89f28b9747.jpg"" data-altimage=""assets/hm/66/20/6620eadd1bfe0141b0455ebaa8810a89f28b9747.jpg"" data-alttext=""Oversized Fit T-shirt - Brown/Black/Mint green/Grey marl/Dark khaki green/White/Plum"" alt=""Oversized Fit T-shirt - Brown/Black/Mint green/Grey marl/Dark khaki green/White/Plum"" loading=""lazy"" decoding=""async"" data-nimg=""fill"" style=""position:absolute;top:0;left:0;bottom:0;right:0;box-sizing:border-box;padding:0;border:none;margin:auto;display:block;width:0;height:0;min-width:100%;max-width:100%;min-height:100%;max-height:100%;object-fit:contain;object-position:50% 50%"" sizes=""(max-width: 420px) calc(50vw - 48px), (max-width: 768px) calc((100vw - 224px - 64px) / 3), calc((100vw - 224px - 64px) / 4)"" srcSet=""https://image.hm.com/assets/hm/12/04/120420bc2bedd11cc784672272c10f9c90220da8.jpg?imwidth=16 16w, https://image.hm.com/assets/hm/12/04/120420bc2bedd11cc784672272c10f9c90220da8.jpg?imwidth=32 32w, https://image.hm.com/assets/hm/12/04/120420bc2bedd11cc784672272c10f9c90220da8.jpg?imwidth=48 48w, https://image.hm.com/assets/hm/12/04/120420bc2bedd11cc784672272c10f9c90220da8.jpg?imwidth=64 64w, https://image.hm.com/assets/hm/12/04/120420bc2bedd11cc784672272c10f9c90220da8.jpg?imwidth=96 96w, https://image.hm.com/assets/hm/12/04/120420bc2bedd11cc784672272c10f9c90220da8.jpg?imwidth=128 128w, https://image.hm.com/assets/hm/12/04/120420bc2bedd11cc784672272c10f9c90220da8.jpg?imwidth=180 180w, https://image.hm.com/assets/hm/12/04/120420bc2bedd11cc784672272c10f9c90220da8.jpg?imwidth=256 256w, https://image.hm.com/assets/hm/12/04/120420bc2bedd11cc784672272c10f9c90220da8.jpg?imwidth=264 264w, https://image.hm.com/assets/hm/12/04/120420bc2bedd11cc784672272c10f9c90220da8.jpg?imwidth=384 384w, https://image.hm.com/assets/hm/12/04/120420bc2bedd11cc784672272c10f9c90220da8.jpg?imwidth=396 396w, https://image.hm.com/assets/hm/12/04/120420bc2bedd11cc784672272c10f9c90220da8.jpg?imwidth=564 564w, https://image.hm.com/assets/hm/12/04/120420bc2bedd11cc784672272c10f9c90220da8.jpg?imwidth=657 657w, https://image.hm.com/assets/hm/12/04/120420bc2bedd11cc784672272c10f9c90220da8.jpg?imwidth=768 768w, https://image.hm.com/assets/hm/12/04/120420bc2bedd11cc784672272c10f9c90220da8.jpg?imwidth=820 820w, https://image.hm.com/assets/hm/12/04/120420bc2bedd11cc784672272c10f9c90220da8.jpg?imwidth=1260 1260w, https://image.hm.com/assets/hm/12/04/120420bc2bedd11cc784672272c10f9c90220da8.jpg?imwidth=1536 1536w"" src=""https://image.hm.com/assets/hm/12/04/120420bc2bedd11cc784672272c10f9c90220da8.jpg?imwidth=1536""/>"
"https://www2.hm.com/en_in/productpage.1309319001.html","data:image/gif;base64,R0lGODlhAQABAIAAAAAAAP///yH5BAEAAAAALAAAAAABAAEAAAIBRAA7","Save Loose Fit T-shirt to favourites","Loose Fit T-shirt","Rs.799.00","+2","","","<img data-src=""assets/hm/2b/d6/2bd6c4d47a457bc4bd58384be803c488c31ff538.jpg"" data-altimage=""assets/hm/2b/d6/2bd6c4d47a457bc4bd58384be803c488c31ff538.jpg"" data-alttext=""Loose Fit T-shirt - Dark plum purple/Black/White/Blue/Pink"" alt=""Loose Fit T-shirt - Dark plum purple/Black/White/Blue/Pink"" loading=""lazy"" decoding=""async"" data-nimg=""fill"" style=""position:absolute;top:0;left:0;bottom:0;right:0;box-sizing:border-box;padding:0;border:none;margin:auto;display:block;width:0;height:0;min-width:100%;max-width:100%;min-height:100%;max-height:100%;object-fit:contain;object-position:50% 50%"" sizes=""(max-width: 420px) calc(50vw - 48px), (max-width: 768px) calc((100vw - 224px - 64px) / 3), calc((100vw - 224px - 64px) / 4)"" srcSet=""https://image.hm.com/assets/hm/99/be/99be7acc36e38e86c91bfe40d30fe53215cd9843.jpg?imwidth=16 16w, https://image.hm.com/assets/hm/99/be/99be7acc36e38e86c91bfe40d30fe53215cd9843.jpg?imwidth=32 32w, https://image.hm.com/assets/hm/99/be/99be7acc36e38e86c91bfe40d30fe53215cd9843.jpg?imwidth=48 48w, https://image.hm.com/assets/hm/99/be/99be7acc36e38e86c91bfe40d30fe53215cd9843.jpg?imwidth=64 64w, https://image.hm.com/assets/hm/99/be/99be7acc36e38e86c91bfe40d30fe53215cd9843.jpg?imwidth=96 96w, https://image.hm.com/assets/hm/99/be/99be7acc36e38e86c91bfe40d30fe53215cd9843.jpg?imwidth=128 128w, https://image.hm.com/assets/hm/99/be/99be7acc36e38e86c91bfe40d30fe53215cd9843.jpg?imwidth=180 180w, https://image.hm.com/assets/hm/99/be/99be7acc36e38e86c91bfe40d30fe53215cd9843.jpg?imwidth=256 256w, https://image.hm.com/assets/hm/99/be/99be7acc36e38e86c91bfe40d30fe53215cd9843.jpg?imwidth=264 264w, https://image.hm.com/assets/hm/99/be/99be7acc36e38e86c91bfe40d30fe53215cd9843.jpg?imwidth=384 384w, https://image.hm.com/assets/hm/99/be/99be7acc36e38e86c91bfe40d30fe53215cd9843.jpg?imwidth=396 396w, https://image.hm.com/assets/hm/99/be/99be7acc36e38e86c91bfe40d30fe53215cd9843.jpg?imwidth=564 564w, https://image.hm.com/assets/hm/99/be/99be7acc36e38e86c91bfe40d30fe53215cd9843.jpg?imwidth=657 657w, https://image.hm.com/assets/hm/99/be/99be7acc36e38e86c91bfe40d30fe53215cd9843.jpg?imwidth=768 768w, https://image.hm.com/assets/hm/99/be/99be7acc36e38e86c91bfe40d30fe53215cd9843.jpg?imwidth=820 820w, https://image.hm.com/assets/hm/99/be/99be7acc36e38e86c91bfe40d30fe53215cd9843.jpg?imwidth=1260 1260w, https://image.hm.com/assets/hm/99/be/99be7acc36e38e86c91bfe40d30fe53215cd9843.jpg?imwidth=1536 1536w"" src=""https://image.hm.com/assets/hm/99/be/99be7acc36e38e86c91bfe40d30fe53215cd9843.jpg?imwidth=1536""/>"
"https://www2.hm.com/en_in/productpage.0967955133.html","data:image/gif;base64,R0lGODlhAQABAIAAAAAAAP///yH5BAEAAAAALAAAAAABAAEAAAIBRAA7","Save Loose Fit Printed T-shirt to favourites","Loose Fit Printed T-shirt","Rs.799.00","+19","","","<img data-src=""assets/hm/36/2c/362c70ca60729988b12e477554a372e4a1326a96.jpg"" data-altimage=""assets/hm/36/2c/362c70ca60729988b12e477554a372e4a1326a96.jpg"" data-alttext=""Loose Fit Printed T-shirt - Sage green/Angel Ridge/Navy blue/Carmine LTD/White/Watch party/Plum/Handle With Care/Black/Lost Time/White/Destined Beyond/White/Pasta/Yellow/Enjoy the Present/Plum purple/Orchards bookstore/Light beige/I Litterary Don’t Care/White/Playa de Alcudia/Blue/Still Water/Light blue/Le Club Bleu/Light blue/Wickford Hills/Peach pink/Unavailable/White/Frostbite Society/White/Greek Sardines/Blue/Cream/Listener/Navy blue/Not All Things Lost/White/New Haven/White/Cologne"" alt=""Loose Fit Printed T-shirt - Sage green/Angel Ridge/Navy blue/Carmine LTD/White/Watch party/Plum/Handle With Care/Black/Lost Time/White/Destined Beyond/White/Pasta/Yellow/Enjoy the Present/Plum purple/Orchards bookstore/Light beige/I Litterary Don’t Care/White/Playa de Alcudia/Blue/Still Water/Light blue/Le Club Bleu/Light blue/Wickford Hills/Peach pink/Unavailable/White/Frostbite Society/White/Greek Sardines/Blue/Cream/Listener/Navy blue/Not All Things Lost/White/New Haven/White/Cologne"" loading=""lazy"" decoding=""async"" data-nimg=""fill"" style=""position:absolute;top:0;left:0;bottom:0;right:0;box-sizing:border-box;padding:0;border:none;margin:auto;display:block;width:0;height:0;min-width:100%;max-width:100%;min-height:100%;max-height:100%;object-fit:contain;object-position:50% 50%"" sizes=""(max-width: 420px) calc(50vw - 48px), (max-width: 768px) calc((100vw - 224px - 64px) / 3), calc((100vw - 224px - 64px) / 4)"" srcSet=""https://image.hm.com/assets/hm/00/01/000132b5c76b1785e8f757d37af70f6bb709b377.jpg?imwidth=16 16w, https://image.hm.com/assets/hm/00/01/000132b5c76b1785e8f757d37af70f6bb709b377.jpg?imwidth=32 32w, https://image.hm.com/assets/hm/00/01/000132b5c76b1785e8f757d37af70f6bb709b377.jpg?imwidth=48 48w, https://image.hm.com/assets/hm/00/01/000132b5c76b1785e8f757d37af70f6bb709b377.jpg?imwidth=64 64w, https://image.hm.com/assets/hm/00/01/000132b5c76b1785e8f757d37af70f6bb709b377.jpg?imwidth=96 96w, https://image.hm.com/assets/hm/00/01/000132b5c76b1785e8f757d37af70f6bb709b377.jpg?imwidth=128 128w, https://image.hm.com/assets/hm/00/01/000132b5c76b1785e8f757d37af70f6bb709b377.jpg?imwidth=180 180w, https://image.hm.com/assets/hm/00/01/000132b5c76b1785e8f757d37af70f6bb709b377.jpg?imwidth=256 256w, https://image.hm.com/assets/hm/00/01/000132b5c76b1785e8f757d37af70f6bb709b377.jpg?imwidth=264 264w, https://image.hm.com/assets/hm/00/01/000132b5c76b1785e8f757d37af70f6bb709b377.jpg?imwidth=384 384w, https://image.hm.com/assets/hm/00/01/000132b5c76b1785e8f757d37af70f6bb709b377.jpg?imwidth=396 396w, https://image.hm.com/assets/hm/00/01/000132b5c76b1785e8f757d37af70f6bb709b377.jpg?imwidth=564 564w, https://image.hm.com/assets/hm/00/01/000132b5c76b1785e8f757d37af70f6bb709b377.jpg?imwidth=657 657w, https://image.hm.com/assets/hm/00/01/000132b5c76b1785e8f757d37af70f6bb709b377.jpg?imwidth=768 768w, https://image.hm.com/assets/hm/00/01/000132b5c76b1785e8f757d37af70f6bb709b377.jpg?imwidth=820 820w, https://image.hm.com/assets/hm/00/01/000132b5c76b1785e8f757d37af70f6bb709b377.jpg?imwidth=1260 1260w, https://image.hm.com/assets/hm/00/01/000132b5c76b1785e8f757d37af70f6bb709b377.jpg?imwidth=1536 1536w"" src=""https://image.hm.com/assets/hm/00/01/000132b5c76b1785e8f757d37af70f6bb709b377.jpg?imwidth=1536""/>"
"https://www2.hm.com/en_in/productpage.1225609043.html","data:image/gif;base64,R0lGODlhAQABAIAAAAAAAP///yH5BAEAAAAALAAAAAABAAEAAAIBRAA7","Save Loose Fit Vintage-look printed T-shirt to favourites","Loose Fit Vintage-look printed T-shirt","Rs.1,499.00","+3","Member price:","Rs.1,279.00","<img data-src=""assets/hm/df/54/df543d277a1a69d01872aeb98e7db6cbfcb80c7a.jpg"" data-altimage=""assets/hm/df/54/df543d277a1a69d01872aeb98e7db6cbfcb80c7a.jpg"" data-alttext=""Loose Fit Vintage-look printed T-shirt - White/Grateful Dead/Black/Guns N&#x27; Roses/Black/Guns N&#x27; Roses/Cream/Nine Inch Nails/White/Nirvana/Light beige/Nirvana"" alt=""Loose Fit Vintage-look printed T-shirt - White/Grateful Dead/Black/Guns N&#x27; Roses/Black/Guns N&#x27; Roses/Cream/Nine Inch Nails/White/Nirvana/Light beige/Nirvana"" loading=""lazy"" decoding=""async"" data-nimg=""fill"" style=""position:absolute;top:0;left:0;bottom:0;right:0;box-sizing:border-box;padding:0;border:none;margin:auto;display:block;width:0;height:0;min-width:100%;max-width:100%;min-height:100%;max-height:100%;object-fit:contain;object-position:50% 50%"" sizes=""(max-width: 420px) calc(50vw - 48px), (max-width: 768px) calc((100vw - 224px - 64px) / 3), calc((100vw - 224px - 64px) / 4)"" srcSet=""https://image.hm.com/assets/hm/6f/4c/6f4c71f03fe1af62989167951943d5836205a10b.jpg?imwidth=16 16w, https://image.hm.com/assets/hm/6f/4c/6f4c71f03fe1af62989167951943d5836205a10b.jpg?imwidth=32 32w, https://image.hm.com/assets/hm/6f/4c/6f4c71f03fe1af62989167951943d5836205a10b.jpg?imwidth=48 48w, https://image.hm.com/assets/hm/6f/4c/6f4c71f03fe1af62989167951943d5836205a10b.jpg?imwidth=64 64w, https://image.hm.com/assets/hm/6f/4c/6f4c71f03fe1af62989167951943d5836205a10b.jpg?imwidth=96 96w, https://image.hm.com/assets/hm/6f/4c/6f4c71f03fe1af62989167951943d5836205a10b.jpg?imwidth=128 128w, https://image.hm.com/assets/hm/6f/4c/6f4c71f03fe1af62989167951943d5836205a10b.jpg?imwidth=180 180w, https://image.hm.com/assets/hm/6f/4c/6f4c71f03fe1af62989167951943d5836205a10b.jpg?imwidth=256 256w, https://image.hm.com/assets/hm/6f/4c/6f4c71f03fe1af62989167951943d5836205a10b.jpg?imwidth=264 264w, https://image.hm.com/assets/hm/6f/4c/6f4c71f03fe1af62989167951943d5836205a10b.jpg?imwidth=384 384w, https://image.hm.com/assets/hm/6f/4c/6f4c71f03fe1af62989167951943d5836205a10b.jpg?imwidth=396 396w, https://image.hm.com/assets/hm/6f/4c/6f4c71f03fe1af62989167951943d5836205a10b.jpg?imwidth=564 564w, https://image.hm.com/assets/hm/6f/4c/6f4c71f03fe1af62989167951943d5836205a10b.jpg?imwidth=657 657w, https://image.hm.com/assets/hm/6f/4c/6f4c71f03fe1af62989167951943d5836205a10b.jpg?imwidth=768 768w, https://image.hm.com/assets/hm/6f/4c/6f4c71f03fe1af62989167951943d5836205a10b.jpg?imwidth=820 820w, https://image.hm.com/assets/hm/6f/4c/6f4c71f03fe1af62989167951943d5836205a10b.jpg?imwidth=1260 1260w, https://image.hm.com/assets/hm/6f/4c/6f4c71f03fe1af62989167951943d5836205a10b.jpg?imwidth=1536 1536w"" src=""https://image.hm.com/assets/hm/6f/4c/6f4c71f03fe1af62989167951943d5836205a10b.jpg?imwidth=1536""/>"
"https://www2.hm.com/en_in/productpage.1029317001.html","data:image/gif;base64,R0lGODlhAQABAIAAAAAAAP///yH5BAEAAAAALAAAAAABAAEAAAIBRAA7","Save Regular Fit Jersey top to favourites","Regular Fit Jersey top","Rs.799.00","+2","","","<img data-src=""assets/hm/5d/c4/5dc42471e86a4c893ee000cb30f77f58b977762d.jpg"" data-altimage=""assets/hm/5d/c4/5dc42471e86a4c893ee000cb30f77f58b977762d.jpg"" data-alttext=""Regular Fit Jersey top - Black/White/Navy blue/Forest green/Dark greige"" alt=""Regular Fit Jersey top - Black/White/Navy blue/Forest green/Dark greige"" loading=""lazy"" decoding=""async"" data-nimg=""fill"" style=""position:absolute;top:0;left:0;bottom:0;right:0;box-sizing:border-box;padding:0;border:none;margin:auto;display:block;width:0;height:0;min-width:100%;max-width:100%;min-height:100%;max-height:100%;object-fit:contain;object-position:50% 50%"" sizes=""(max-width: 420px) calc(50vw - 48px), (max-width: 768px) calc((100vw - 224px - 64px) / 3), calc((100vw - 224px - 64px) / 4)"" srcSet=""https://image.hm.com/assets/hm/be/a5/bea5d616ee7133b642fcdd93937786faeddbef4f.jpg?imwidth=16 16w, https://image.hm.com/assets/hm/be/a5/bea5d616ee7133b642fcdd93937786faeddbef4f.jpg?imwidth=32 32w, https://image.hm.com/assets/hm/be/a5/bea5d616ee7133b642fcdd93937786faeddbef4f.jpg?imwidth=48 48w, https://image.hm.com/assets/hm/be/a5/bea5d616ee7133b642fcdd93937786faeddbef4f.jpg?imwidth=64 64w, https://image.hm.com/assets/hm/be/a5/bea5d616ee7133b642fcdd93937786faeddbef4f.jpg?imwidth=96 96w, https://image.hm.com/assets/hm/be/a5/bea5d616ee7133b642fcdd93937786faeddbef4f.jpg?imwidth=128 128w, https://image.hm.com/assets/hm/be/a5/bea5d616ee7133b642fcdd93937786faeddbef4f.jpg?imwidth=180 180w, https://image.hm.com/assets/hm/be/a5/bea5d616ee7133b642fcdd93937786faeddbef4f.jpg?imwidth=256 256w, https://image.hm.com/assets/hm/be/a5/bea5d616ee7133b642fcdd93937786faeddbef4f.jpg?imwidth=264 264w, https://image.hm.com/assets/hm/be/a5/bea5d616ee7133b642fcdd93937786faeddbef4f.jpg?imwidth=384 384w, https://image.hm.com/assets/hm/be/a5/bea5d616ee7133b642fcdd93937786faeddbef4f.jpg?imwidth=396 396w, https://image.hm.com/assets/hm/be/a5/bea5d616ee7133b642fcdd93937786faeddbef4f.jpg?imwidth=564 564w, https://image.hm.com/assets/hm/be/a5/bea5d616ee7133b642fcdd93937786faeddbef4f.jpg?imwidth=657 657w, https://image.hm.com/assets/hm/be/a5/bea5d616ee7133b642fcdd93937786faeddbef4f.jpg?imwidth=768 768w, https://image.hm.com/assets/hm/be/a5/bea5d616ee7133b642fcdd93937786faeddbef4f.jpg?imwidth=820 820w, https://image.hm.com/assets/hm/be/a5/bea5d616ee7133b642fcdd93937786faeddbef4f.jpg?imwidth=1260 1260w, https://image.hm.com/assets/hm/be/a5/bea5d616ee7133b642fcdd93937786faeddbef4f.jpg?imwidth=1536 1536w"" src=""https://image.hm.com/assets/hm/be/a5/bea5d616ee7133b642fcdd93937786faeddbef4f.jpg?imwidth=1536""/>"
"https://www2.hm.com/en_in/productpage.1034065175.html","data:image/gif;base64,R0lGODlhAQABAIAAAAAAAP///yH5BAEAAAAALAAAAAABAAEAAAIBRAA7","Save Loose Fit Printed T-shirt to favourites","Loose Fit Printed T-shirt","Rs.999.00","+10","","","<img data-src=""assets/hm/e7/e9/e7e95794a010cb0aa812cd8016bdf7b00e183f9f.jpg"" data-altimage=""assets/hm/e7/e9/e7e95794a010cb0aa812cd8016bdf7b00e183f9f.jpg"" data-alttext=""Loose Fit Printed T-shirt - White/Palm Noir/White/Menton/White/Water lilies/White/Cafe Aloha/White/Small Talk/Peach pink/Postage stamp/Peach pink/Echo Park/White/Sevilla/White/Hi-Fi/White/Seashells/White/Gentlemen Syndrome/White/Aura Artist House/White/George&#x27;s Gas"" alt=""Loose Fit Printed T-shirt - White/Palm Noir/White/Menton/White/Water lilies/White/Cafe Aloha/White/Small Talk/Peach pink/Postage stamp/Peach pink/Echo Park/White/Sevilla/White/Hi-Fi/White/Seashells/White/Gentlemen Syndrome/White/Aura Artist House/White/George&#x27;s Gas"" loading=""lazy"" decoding=""async"" data-nimg=""fill"" style=""position:absolute;top:0;left:0;bottom:0;right:0;box-sizing:border-box;padding:0;border:none;margin:auto;display:block;width:0;height:0;min-width:100%;max-width:100%;min-height:100%;max-height:100%;object-fit:contain;object-position:50% 50%"" sizes=""(max-width: 420px) calc(50vw - 48px), (max-width: 768px) calc((100vw - 224px - 64px) / 3), calc((100vw - 224px - 64px) / 4)"" srcSet=""https://image.hm.com/assets/hm/1b/bf/1bbff66fa031765fa00e6bfaaae4a859665a0015.jpg?imwidth=16 16w, https://image.hm.com/assets/hm/1b/bf/1bbff66fa031765fa00e6bfaaae4a859665a0015.jpg?imwidth=32 32w, https://image.hm.com/assets/hm/1b/bf/1bbff66fa031765fa00e6bfaaae4a859665a0015.jpg?imwidth=48 48w, https://image.hm.com/assets/hm/1b/bf/1bbff66fa031765fa00e6bfaaae4a859665a0015.jpg?imwidth=64 64w, https://image.hm.com/assets/hm/1b/bf/1bbff66fa031765fa00e6bfaaae4a859665a0015.jpg?imwidth=96 96w, https://image.hm.com/assets/hm/1b/bf/1bbff66fa031765fa00e6bfaaae4a859665a0015.jpg?imwidth=128 128w, https://image.hm.com/assets/hm/1b/bf/1bbff66fa031765fa00e6bfaaae4a859665a0015.jpg?imwidth=180 180w, https://image.hm.com/assets/hm/1b/bf/1bbff66fa031765fa00e6bfaaae4a859665a0015.jpg?imwidth=256 256w, https://image.hm.com/assets/hm/1b/bf/1bbff66fa031765fa00e6bfaaae4a859665a0015.jpg?imwidth=264 264w, https://image.hm.com/assets/hm/1b/bf/1bbff66fa031765fa00e6bfaaae4a859665a0015.jpg?imwidth=384 384w, https://image.hm.com/assets/hm/1b/bf/1bbff66fa031765fa00e6bfaaae4a859665a0015.jpg?imwidth=396 396w, https://image.hm.com/assets/hm/1b/bf/1bbff66fa031765fa00e6bfaaae4a859665a0015.jpg?imwidth=564 564w, https://image.hm.com/assets/hm/1b/bf/1bbff66fa031765fa00e6bfaaae4a859665a0015.jpg?imwidth=657 657w, https://image.hm.com/assets/hm/1b/bf/1bbff66fa031765fa00e6bfaaae4a859665a0015.jpg?imwidth=768 768w, https://image.hm.com/assets/hm/1b/bf/1bbff66fa031765fa00e6bfaaae4a859665a0015.jpg?imwidth=820 820w, https://image.hm.com/assets/hm/1b/bf/1bbff66fa031765fa00e6bfaaae4a859665a0015.jpg?imwidth=1260 1260w, https://image.hm.com/assets/hm/1b/bf/1bbff66fa031765fa00e6bfaaae4a859665a0015.jpg?imwidth=1536 1536w"" src=""https://image.hm.com/assets/hm/1b/bf/1bbff66fa031765fa00e6bfaaae4a859665a0015.jpg?imwidth=1536""/>"
"https://www2.hm.com/en_in/productpage.0967955155.html","data:image/gif;base64,R0lGODlhAQABAIAAAAAAAP///yH5BAEAAAAALAAAAAABAAEAAAIBRAA7","Save Loose Fit Printed T-shirt to favourites","Loose Fit Printed T-shirt","Rs.799.00","+19","","","<img data-src=""assets/hm/7b/cc/7bccdd45e9fc5c31c5a2d74fc7529fc9ce22efde.jpg"" data-altimage=""assets/hm/7b/cc/7bccdd45e9fc5c31c5a2d74fc7529fc9ce22efde.jpg"" data-alttext=""Loose Fit Printed T-shirt - Plum purple/Orchards bookstore/Navy blue/Carmine LTD/White/Watch party/Plum/Handle With Care/Black/Lost Time/White/Destined Beyond/Sage green/Angel Ridge/White/Pasta/Yellow/Enjoy the Present/Light beige/I Litterary Don’t Care/White/Playa de Alcudia/Blue/Still Water/Light blue/Le Club Bleu/Light blue/Wickford Hills/Peach pink/Unavailable/White/Frostbite Society/White/Greek Sardines/Blue/Cream/Listener/Navy blue/Not All Things Lost/White/New Haven/White/Cologne"" alt=""Loose Fit Printed T-shirt - Plum purple/Orchards bookstore/Navy blue/Carmine LTD/White/Watch party/Plum/Handle With Care/Black/Lost Time/White/Destined Beyond/Sage green/Angel Ridge/White/Pasta/Yellow/Enjoy the Present/Light beige/I Litterary Don’t Care/White/Playa de Alcudia/Blue/Still Water/Light blue/Le Club Bleu/Light blue/Wickford Hills/Peach pink/Unavailable/White/Frostbite Society/White/Greek Sardines/Blue/Cream/Listener/Navy blue/Not All Things Lost/White/New Haven/White/Cologne"" loading=""lazy"" decoding=""async"" data-nimg=""fill"" style=""position:absolute;top:0;left:0;bottom:0;right:0;box-sizing:border-box;padding:0;border:none;margin:auto;display:block;width:0;height:0;min-width:100%;max-width:100%;min-height:100%;max-height:100%;object-fit:contain;object-position:50% 50%"" sizes=""(max-width: 420px) calc(50vw - 48px), (max-width: 768px) calc((100vw - 224px - 64px) / 3), calc((100vw - 224px - 64px) / 4)"" srcSet=""https://image.hm.com/assets/hm/73/9e/739e269dd8766af6d4b4825068b45a55e99514c0.jpg?imwidth=16 16w, https://image.hm.com/assets/hm/73/9e/739e269dd8766af6d4b4825068b45a55e99514c0.jpg?imwidth=32 32w, https://image.hm.com/assets/hm/73/9e/739e269dd8766af6d4b4825068b45a55e99514c0.jpg?imwidth=48 48w, https://image.hm.com/assets/hm/73/9e/739e269dd8766af6d4b4825068b45a55e99514c0.jpg?imwidth=64 64w, https://image.hm.com/assets/hm/73/9e/739e269dd8766af6d4b4825068b45a55e99514c0.jpg?imwidth=96 96w, https://image.hm.com/assets/hm/73/9e/739e269dd8766af6d4b4825068b45a55e99514c0.jpg?imwidth=128 128w, https://image.hm.com/assets/hm/73/9e/739e269dd8766af6d4b4825068b45a55e99514c0.jpg?imwidth=180 180w, https://image.hm.com/assets/hm/73/9e/739e269dd8766af6d4b4825068b45a55e99514c0.jpg?imwidth=256 256w, https://image.hm.com/assets/hm/73/9e/739e269dd8766af6d4b4825068b45a55e99514c0.jpg?imwidth=264 264w, https://image.hm.com/assets/hm/73/9e/739e269dd8766af6d4b4825068b45a55e99514c0.jpg?imwidth=384 384w, https://image.hm.com/assets/hm/73/9e/739e269dd8766af6d4b4825068b45a55e99514c0.jpg?imwidth=396 396w, https://image.hm.com/assets/hm/73/9e/739e269dd8766af6d4b4825068b45a55e99514c0.jpg?imwidth=564 564w, https://image.hm.com/assets/hm/73/9e/739e269dd8766af6d4b4825068b45a55e99514c0.jpg?imwidth=657 657w, https://image.hm.com/assets/hm/73/9e/739e269dd8766af6d4b4825068b45a55e99514c0.jpg?imwidth=768 768w, https://image.hm.com/assets/hm/73/9e/739e269dd8766af6d4b4825068b45a55e99514c0.jpg?imwidth=820 820w, https://image.hm.com/assets/hm/73/9e/739e269dd8766af6d4b4825068b45a55e99514c0.jpg?imwidth=1260 1260w, https://image.hm.com/assets/hm/73/9e/739e269dd8766af6d4b4825068b45a55e99514c0.jpg?imwidth=1536 1536w"" src=""https://image.hm.com/assets/hm/73/9e/739e269dd8766af6d4b4825068b45a55e99514c0.jpg?imwidth=1536""/>"
"https://www2.hm.com/en_in/productpage.0570002001.html","data:image/gif;base64,R0lGODlhAQABAIAAAAAAAP///yH5BAEAAAAALAAAAAABAAEAAAIBRAA7","Save Slim Fit T-shirt to favourites","Slim Fit T-shirt","Rs.699.00","+6","","","<img data-src=""assets/hm/09/58/0958cc08f86b7127b5dd8e0d0091824a337b6588.jpg"" data-altimage=""assets/hm/09/58/0958cc08f86b7127b5dd8e0d0091824a337b6588.jpg"" data-alttext=""Slim Fit T-shirt - Black/White/Light blue/Navy blue/Purple/Forest green/Light beige/Navy blue/Light sage green"" alt=""Slim Fit T-shirt - Black/White/Light blue/Navy blue/Purple/Forest green/Light beige/Navy blue/Light sage green"" loading=""lazy"" decoding=""async"" data-nimg=""fill"" style=""position:absolute;top:0;left:0;bottom:0;right:0;box-sizing:border-box;padding:0;border:none;margin:auto;display:block;width:0;height:0;min-width:100%;max-width:100%;min-height:100%;max-height:100%;object-fit:contain;object-position:50% 50%"" sizes=""(max-width: 420px) calc(50vw - 48px), (max-width: 768px) calc((100vw - 224px - 64px) / 3), calc((100vw - 224px - 64px) / 4)"" srcSet=""https://image.hm.com/assets/hm/4e/26/4e26e13b6a7657d0fc4a307b2b641ef393b7ed82.jpg?imwidth=16 16w, https://image.hm.com/assets/hm/4e/26/4e26e13b6a7657d0fc4a307b2b641ef393b7ed82.jpg?imwidth=32 32w, https://image.hm.com/assets/hm/4e/26/4e26e13b6a7657d0fc4a307b2b641ef393b7ed82.jpg?imwidth=48 48w, https://image.hm.com/assets/hm/4e/26/4e26e13b6a7657d0fc4a307b2b641ef393b7ed82.jpg?imwidth=64 64w, https://image.hm.com/assets/hm/4e/26/4e26e13b6a7657d0fc4a307b2b641ef393b7ed82.jpg?imwidth=96 96w, https://image.hm.com/assets/hm/4e/26/4e26e13b6a7657d0fc4a307b2b641ef393b7ed82.jpg?imwidth=128 128w, https://image.hm.com/assets/hm/4e/26/4e26e13b6a7657d0fc4a307b2b641ef393b7ed82.jpg?imwidth=180 180w, https://image.hm.com/assets/hm/4e/26/4e26e13b6a7657d0fc4a307b2b641ef393b7ed82.jpg?imwidth=256 256w, https://image.hm.com/assets/hm/4e/26/4e26e13b6a7657d0fc4a307b2b641ef393b7ed82.jpg?imwidth=264 264w, https://image.hm.com/assets/hm/4e/26/4e26e13b6a7657d0fc4a307b2b641ef393b7ed82.jpg?imwidth=384 384w, https://image.hm.com/assets/hm/4e/26/4e26e13b6a7657d0fc4a307b2b641ef393b7ed82.jpg?imwidth=396 396w, https://image.hm.com/assets/hm/4e/26/4e26e13b6a7657d0fc4a307b2b641ef393b7ed82.jpg?imwidth=564 564w, https://image.hm.com/assets/hm/4e/26/4e26e13b6a7657d0fc4a307b2b641ef393b7ed82.jpg?imwidth=657 657w, https://image.hm.com/assets/hm/4e/26/4e26e13b6a7657d0fc4a307b2b641ef393b7ed82.jpg?imwidth=768 768w, https://image.hm.com/assets/hm/4e/26/4e26e13b6a7657d0fc4a307b2b641ef393b7ed82.jpg?imwidth=820 820w, https://image.hm.com/assets/hm/4e/26/4e26e13b6a7657d0fc4a307b2b641ef393b7ed82.jpg?imwidth=1260 1260w, https://image.hm.com/assets/hm/4e/26/4e26e13b6a7657d0fc4a307b2b641ef393b7ed82.jpg?imwidth=1536 1536w"" src=""https://image.hm.com/assets/hm/4e/26/4e26e13b6a7657d0fc4a307b2b641ef393b7ed82.jpg?imwidth=1536""/>"
"https://www2.hm.com/en_in/productpage.1074658002.html","data:image/gif;base64,R0lGODlhAQABAIAAAAAAAP///yH5BAEAAAAALAAAAAABAAEAAAIBRAA7","Save Oversized Fit T-shirt to favourites","Oversized Fit T-shirt","Rs.799.00","+3","","","<img data-src=""assets/hm/df/0d/df0d7b40062fd9abfd327b8c4f604839e185a3d5.jpg"" data-altimage=""assets/hm/df/0d/df0d7b40062fd9abfd327b8c4f604839e185a3d5.jpg"" data-alttext=""Oversized Fit T-shirt - White/Black/Light beige/Pink/Yellow/Dark orange"" alt=""Oversized Fit T-shirt - White/Black/Light beige/Pink/Yellow/Dark orange"" loading=""lazy"" decoding=""async"" data-nimg=""fill"" style=""position:absolute;top:0;left:0;bottom:0;right:0;box-sizing:border-box;padding:0;border:none;margin:auto;display:block;width:0;height:0;min-width:100%;max-width:100%;min-height:100%;max-height:100%;object-fit:contain;object-position:50% 50%"" sizes=""(max-width: 420px) calc(50vw - 48px), (max-width: 768px) calc((100vw - 224px - 64px) / 3), calc((100vw - 224px - 64px) / 4)"" srcSet=""https://image.hm.com/assets/hm/2b/71/2b7163ae1b502c0d184bbd310a9c8dd7f6f119c1.jpg?imwidth=16 16w, https://image.hm.com/assets/hm/2b/71/2b7163ae1b502c0d184bbd310a9c8dd7f6f119c1.jpg?imwidth=32 32w, https://image.hm.com/assets/hm/2b/71/2b7163ae1b502c0d184bbd310a9c8dd7f6f119c1.jpg?imwidth=48 48w, https://image.hm.com/assets/hm/2b/71/2b7163ae1b502c0d184bbd310a9c8dd7f6f119c1.jpg?imwidth=64 64w, https://image.hm.com/assets/hm/2b/71/2b7163ae1b502c0d184bbd310a9c8dd7f6f119c1.jpg?imwidth=96 96w, https://image.hm.com/assets/hm/2b/71/2b7163ae1b502c0d184bbd310a9c8dd7f6f119c1.jpg?imwidth=128 128w, https://image.hm.com/assets/hm/2b/71/2b7163ae1b502c0d184bbd310a9c8dd7f6f119c1.jpg?imwidth=180 180w, https://image.hm.com/assets/hm/2b/71/2b7163ae1b502c0d184bbd310a9c8dd7f6f119c1.jpg?imwidth=256 256w, https://image.hm.com/assets/hm/2b/71/2b7163ae1b502c0d184bbd310a9c8dd7f6f119c1.jpg?imwidth=264 264w, https://image.hm.com/assets/hm/2b/71/2b7163ae1b502c0d184bbd310a9c8dd7f6f119c1.jpg?imwidth=384 384w, https://image.hm.com/assets/hm/2b/71/2b7163ae1b502c0d184bbd310a9c8dd7f6f119c1.jpg?imwidth=396 396w, https://image.hm.com/assets/hm/2b/71/2b7163ae1b502c0d184bbd310a9c8dd7f6f119c1.jpg?imwidth=564 564w, https://image.hm.com/assets/hm/2b/71/2b7163ae1b502c0d184bbd310a9c8dd7f6f119c1.jpg?imwidth=657 657w, https://image.hm.com/assets/hm/2b/71/2b7163ae1b502c0d184bbd310a9c8dd7f6f119c1.jpg?imwidth=768 768w, https://image.hm.com/assets/hm/2b/71/2b7163ae1b502c0d184bbd310a9c8dd7f6f119c1.jpg?imwidth=820 820w, https://image.hm.com/assets/hm/2b/71/2b7163ae1b502c0d184bbd310a9c8dd7f6f119c1.jpg?imwidth=1260 1260w, https://image.hm.com/assets/hm/2b/71/2b7163ae1b502c0d184bbd310a9c8dd7f6f119c1.jpg?imwidth=1536 1536w"" src=""https://image.hm.com/assets/hm/2b/71/2b7163ae1b502c0d184bbd310a9c8dd7f6f119c1.jpg?imwidth=1536""/>"
"https://www2.hm.com/en_in/productpage.0608945137.html","data:image/gif;base64,R0lGODlhAQABAIAAAAAAAP///yH5BAEAAAAALAAAAAABAAEAAAIBRAA7","Save Loose Fit T-shirt to favourites","Loose Fit T-shirt","Rs.799.00","+16","","","<img data-src=""assets/hm/ee/da/eedaed30f0c07a4eb524f141b4ddc99b37939e50.jpg"" data-altimage=""assets/hm/ee/da/eedaed30f0c07a4eb524f141b4ddc99b37939e50.jpg"" data-alttext=""Loose Fit T-shirt - Dark grey/Light beige/Black/Purple/Yellow/Light blue/Pink/Peach pink/Light sage green/Yellow/White/Yellow/Light beige/Navy blue/Dark orange/Light sage green/Dark beige/Brown/Orange"" alt=""Loose Fit T-shirt - Dark grey/Light beige/Black/Purple/Yellow/Light blue/Pink/Peach pink/Light sage green/Yellow/White/Yellow/Light beige/Navy blue/Dark orange/Light sage green/Dark beige/Brown/Orange"" loading=""lazy"" decoding=""async"" data-nimg=""fill"" style=""position:absolute;top:0;left:0;bottom:0;right:0;box-sizing:border-box;padding:0;border:none;margin:auto;display:block;width:0;height:0;min-width:100%;max-width:100%;min-height:100%;max-height:100%;object-fit:contain;object-position:50% 50%"" sizes=""(max-width: 420px) calc(50vw - 48px), (max-width: 768px) calc((100vw - 224px - 64px) / 3), calc((100vw - 224px - 64px) / 4)"" srcSet=""https://image.hm.com/assets/hm/27/25/272550143f953af969bce32db71384b2410cb9cc.jpg?imwidth=16 16w, https://image.hm.com/assets/hm/27/25/272550143f953af969bce32db71384b2410cb9cc.jpg?imwidth=32 32w, https://image.hm.com/assets/hm/27/25/272550143f953af969bce32db71384b2410cb9cc.jpg?imwidth=48 48w, https://image.hm.com/assets/hm/27/25/272550143f953af969bce32db71384b2410cb9cc.jpg?imwidth=64 64w, https://image.hm.com/assets/hm/27/25/272550143f953af969bce32db71384b2410cb9cc.jpg?imwidth=96 96w, https://image.hm.com/assets/hm/27/25/272550143f953af969bce32db71384b2410cb9cc.jpg?imwidth=128 128w, https://image.hm.com/assets/hm/27/25/272550143f953af969bce32db71384b2410cb9cc.jpg?imwidth=180 180w, https://image.hm.com/assets/hm/27/25/272550143f953af969bce32db71384b2410cb9cc.jpg?imwidth=256 256w, https://image.hm.com/assets/hm/27/25/272550143f953af969bce32db71384b2410cb9cc.jpg?imwidth=264 264w, https://image.hm.com/assets/hm/27/25/272550143f953af969bce32db71384b2410cb9cc.jpg?imwidth=384 384w, https://image.hm.com/assets/hm/27/25/272550143f953af969bce32db71384b2410cb9cc.jpg?imwidth=396 396w, https://image.hm.com/assets/hm/27/25/272550143f953af969bce32db71384b2410cb9cc.jpg?imwidth=564 564w, https://image.hm.com/assets/hm/27/25/272550143f953af969bce32db71384b2410cb9cc.jpg?imwidth=657 657w, https://image.hm.com/assets/hm/27/25/272550143f953af969bce32db71384b2410cb9cc.jpg?imwidth=768 768w, https://image.hm.com/assets/hm/27/25/272550143f953af969bce32db71384b2410cb9cc.jpg?imwidth=820 820w, https://image.hm.com/assets/hm/27/25/272550143f953af969bce32db71384b2410cb9cc.jpg?imwidth=1260 1260w, https://image.hm.com/assets/hm/27/25/272550143f953af969bce32db71384b2410cb9cc.jpg?imwidth=1536 1536w"" src=""https://image.hm.com/assets/hm/27/25/272550143f953af969bce32db71384b2410cb9cc.jpg?imwidth=1536""/>"
"https://www2.hm.com/en_in/productpage.0948441003.html","data:image/gif;base64,R0lGODlhAQABAIAAAAAAAP///yH5BAEAAAAALAAAAAABAAEAAAIBRAA7","Save COOLMAX® Loose Fit T-shirt to favourites","COOLMAX® Loose Fit T-shirt","Rs.1,299.00","+6","","","<img data-src=""assets/hm/00/d4/00d4ec2138c59e119561d274eb8a31ece751e313.jpg"" data-altimage=""assets/hm/00/d4/00d4ec2138c59e119561d274eb8a31ece751e313.jpg"" data-alttext=""COOLMAX® Loose Fit T-shirt - White/Dark grey/Mint green/Navy blue/Black/Light beige/Light blue/Green/Dark grey"" alt=""COOLMAX® Loose Fit T-shirt - White/Dark grey/Mint green/Navy blue/Black/Light beige/Light blue/Green/Dark grey"" loading=""lazy"" decoding=""async"" data-nimg=""fill"" style=""position:absolute;top:0;left:0;bottom:0;right:0;box-sizing:border-box;padding:0;border:none;margin:auto;display:block;width:0;height:0;min-width:100%;max-width:100%;min-height:100%;max-height:100%;object-fit:contain;object-position:50% 50%"" sizes=""(max-width: 420px) calc(50vw - 48px), (max-width: 768px) calc((100vw - 224px - 64px) / 3), calc((100vw - 224px - 64px) / 4)"" srcSet=""https://image.hm.com/assets/hm/55/2d/552d449a02aea76494329339e6a9180f288a4216.jpg?imwidth=16 16w, https://image.hm.com/assets/hm/55/2d/552d449a02aea76494329339e6a9180f288a4216.jpg?imwidth=32 32w, https://image.hm.com/assets/hm/55/2d/552d449a02aea76494329339e6a9180f288a4216.jpg?imwidth=48 48w, https://image.hm.com/assets/hm/55/2d/552d449a02aea76494329339e6a9180f288a4216.jpg?imwidth=64 64w, https://image.hm.com/assets/hm/55/2d/552d449a02aea76494329339e6a9180f288a4216.jpg?imwidth=96 96w, https://image.hm.com/assets/hm/55/2d/552d449a02aea76494329339e6a9180f288a4216.jpg?imwidth=128 128w, https://image.hm.com/assets/hm/55/2d/552d449a02aea76494329339e6a9180f288a4216.jpg?imwidth=180 180w, https://image.hm.com/assets/hm/55/2d/552d449a02aea76494329339e6a9180f288a4216.jpg?imwidth=256 256w, https://image.hm.com/assets/hm/55/2d/552d449a02aea76494329339e6a9180f288a4216.jpg?imwidth=264 264w, https://image.hm.com/assets/hm/55/2d/552d449a02aea76494329339e6a9180f288a4216.jpg?imwidth=384 384w, https://image.hm.com/assets/hm/55/2d/552d449a02aea76494329339e6a9180f288a4216.jpg?imwidth=396 396w, https://image.hm.com/assets/hm/55/2d/552d449a02aea76494329339e6a9180f288a4216.jpg?imwidth=564 564w, https://image.hm.com/assets/hm/55/2d/552d449a02aea76494329339e6a9180f288a4216.jpg?imwidth=657 657w, https://image.hm.com/assets/hm/55/2d/552d449a02aea76494329339e6a9180f288a4216.jpg?imwidth=768 768w, https://image.hm.com/assets/hm/55/2d/552d449a02aea76494329339e6a9180f288a4216.jpg?imwidth=820 820w, https://image.hm.com/assets/hm/55/2d/552d449a02aea76494329339e6a9180f288a4216.jpg?imwidth=1260 1260w, https://image.hm.com/assets/hm/55/2d/552d449a02aea76494329339e6a9180f288a4216.jpg?imwidth=1536 1536w"" src=""https://image.hm.com/assets/hm/55/2d/552d449a02aea76494329339e6a9180f288a4216.jpg?imwidth=1536""/>"
"https://www2.hm.com/en_in/productpage.1159823075.html","data:image/gif;base64,R0lGODlhAQABAIAAAAAAAP///yH5BAEAAAAALAAAAAABAAEAAAIBRAA7","Save Oversized Fit T-shirt to favourites","Oversized Fit T-shirt","Rs.1,499.00","","","","<img data-src=""assets/hm/54/b7/54b728f739a1033a10f48f65694f46e8480e0ff7.jpg"" data-altimage=""assets/hm/54/b7/54b728f739a1033a10f48f65694f46e8480e0ff7.jpg"" data-alttext=""Oversized Fit T-shirt - Black/The Notorious B.I.G./Black/Iron Maiden/White/Skateboard!"" alt=""Oversized Fit T-shirt - Black/The Notorious B.I.G./Black/Iron Maiden/White/Skateboard!"" loading=""lazy"" decoding=""async"" data-nimg=""fill"" style=""position:absolute;top:0;left:0;bottom:0;right:0;box-sizing:border-box;padding:0;border:none;margin:auto;display:block;width:0;height:0;min-width:100%;max-width:100%;min-height:100%;max-height:100%;object-fit:contain;object-position:50% 50%"" sizes=""(max-width: 420px) calc(50vw - 48px), (max-width: 768px) calc((100vw - 224px - 64px) / 3), calc((100vw - 224px - 64px) / 4)"" srcSet=""https://image.hm.com/assets/hm/bc/0f/bc0f42b83dc9e6739d0ec1b409ca9cf0982121af.jpg?imwidth=16 16w, https://image.hm.com/assets/hm/bc/0f/bc0f42b83dc9e6739d0ec1b409ca9cf0982121af.jpg?imwidth=32 32w, https://image.hm.com/assets/hm/bc/0f/bc0f42b83dc9e6739d0ec1b409ca9cf0982121af.jpg?imwidth=48 48w, https://image.hm.com/assets/hm/bc/0f/bc0f42b83dc9e6739d0ec1b409ca9cf0982121af.jpg?imwidth=64 64w, https://image.hm.com/assets/hm/bc/0f/bc0f42b83dc9e6739d0ec1b409ca9cf0982121af.jpg?imwidth=96 96w, https://image.hm.com/assets/hm/bc/0f/bc0f42b83dc9e6739d0ec1b409ca9cf0982121af.jpg?imwidth=128 128w, https://image.hm.com/assets/hm/bc/0f/bc0f42b83dc9e6739d0ec1b409ca9cf0982121af.jpg?imwidth=180 180w, https://image.hm.com/assets/hm/bc/0f/bc0f42b83dc9e6739d0ec1b409ca9cf0982121af.jpg?imwidth=256 256w, https://image.hm.com/assets/hm/bc/0f/bc0f42b83dc9e6739d0ec1b409ca9cf0982121af.jpg?imwidth=264 264w, https://image.hm.com/assets/hm/bc/0f/bc0f42b83dc9e6739d0ec1b409ca9cf0982121af.jpg?imwidth=384 384w, https://image.hm.com/assets/hm/bc/0f/bc0f42b83dc9e6739d0ec1b409ca9cf0982121af.jpg?imwidth=396 396w, https://image.hm.com/assets/hm/bc/0f/bc0f42b83dc9e6739d0ec1b409ca9cf0982121af.jpg?imwidth=564 564w, https://image.hm.com/assets/hm/bc/0f/bc0f42b83dc9e6739d0ec1b409ca9cf0982121af.jpg?imwidth=657 657w, https://image.hm.com/assets/hm/bc/0f/bc0f42b83dc9e6739d0ec1b409ca9cf0982121af.jpg?imwidth=768 768w, https://image.hm.com/assets/hm/bc/0f/bc0f42b83dc9e6739d0ec1b409ca9cf0982121af.jpg?imwidth=820 820w, https://image.hm.com/assets/hm/bc/0f/bc0f42b83dc9e6739d0ec1b409ca9cf0982121af.jpg?imwidth=1260 1260w, https://image.hm.com/assets/hm/bc/0f/bc0f42b83dc9e6739d0ec1b409ca9cf0982121af.jpg?imwidth=1536 1536w"" src=""https://image.hm.com/assets/hm/bc/0f/bc0f42b83dc9e6739d0ec1b409ca9cf0982121af.jpg?imwidth=1536""/>"
"https://www2.hm.com/en_in/productpage.1003662001.html","data:image/gif;base64,R0lGODlhAQABAIAAAAAAAP///yH5BAEAAAAALAAAAAABAAEAAAIBRAA7","Save Loose Fit T-shirt to favourites","Loose Fit T-shirt","Rs.699.00","","","","<img data-src=""assets/hm/2c/8d/2c8d61b4dcc740a6c49f75f8dec7976231930905.jpg"" data-altimage=""assets/hm/2c/8d/2c8d61b4dcc740a6c49f75f8dec7976231930905.jpg"" data-alttext=""Loose Fit T-shirt - White/Black"" alt=""Loose Fit T-shirt - White/Black"" loading=""lazy"" decoding=""async"" data-nimg=""fill"" style=""position:absolute;top:0;left:0;bottom:0;right:0;box-sizing:border-box;padding:0;border:none;margin:auto;display:block;width:0;height:0;min-width:100%;max-width:100%;min-height:100%;max-height:100%;object-fit:contain;object-position:50% 50%"" sizes=""(max-width: 420px) calc(50vw - 48px), (max-width: 768px) calc((100vw - 224px - 64px) / 3), calc((100vw - 224px - 64px) / 4)"" srcSet=""https://image.hm.com/assets/hm/6d/1b/6d1b384173ea84e0533b6fd8188e8f928a398644.jpg?imwidth=16 16w, https://image.hm.com/assets/hm/6d/1b/6d1b384173ea84e0533b6fd8188e8f928a398644.jpg?imwidth=32 32w, https://image.hm.com/assets/hm/6d/1b/6d1b384173ea84e0533b6fd8188e8f928a398644.jpg?imwidth=48 48w, https://image.hm.com/assets/hm/6d/1b/6d1b384173ea84e0533b6fd8188e8f928a398644.jpg?imwidth=64 64w, https://image.hm.com/assets/hm/6d/1b/6d1b384173ea84e0533b6fd8188e8f928a398644.jpg?imwidth=96 96w, https://image.hm.com/assets/hm/6d/1b/6d1b384173ea84e0533b6fd8188e8f928a398644.jpg?imwidth=128 128w, https://image.hm.com/assets/hm/6d/1b/6d1b384173ea84e0533b6fd8188e8f928a398644.jpg?imwidth=180 180w, https://image.hm.com/assets/hm/6d/1b/6d1b384173ea84e0533b6fd8188e8f928a398644.jpg?imwidth=256 256w, https://image.hm.com/assets/hm/6d/1b/6d1b384173ea84e0533b6fd8188e8f928a398644.jpg?imwidth=264 264w, https://image.hm.com/assets/hm/6d/1b/6d1b384173ea84e0533b6fd8188e8f928a398644.jpg?imwidth=384 384w, https://image.hm.com/assets/hm/6d/1b/6d1b384173ea84e0533b6fd8188e8f928a398644.jpg?imwidth=396 396w, https://image.hm.com/assets/hm/6d/1b/6d1b384173ea84e0533b6fd8188e8f928a398644.jpg?imwidth=564 564w, https://image.hm.com/assets/hm/6d/1b/6d1b384173ea84e0533b6fd8188e8f928a398644.jpg?imwidth=657 657w, https://image.hm.com/assets/hm/6d/1b/6d1b384173ea84e0533b6fd8188e8f928a398644.jpg?imwidth=768 768w, https://image.hm.com/assets/hm/6d/1b/6d1b384173ea84e0533b6fd8188e8f928a398644.jpg?imwidth=820 820w, https://image.hm.com/assets/hm/6d/1b/6d1b384173ea84e0533b6fd8188e8f928a398644.jpg?imwidth=1260 1260w, https://image.hm.com/assets/hm/6d/1b/6d1b384173ea84e0533b6fd8188e8f928a398644.jpg?imwidth=1536 1536w"" src=""https://image.hm.com/assets/hm/6d/1b/6d1b384173ea84e0533b6fd8188e8f928a398644.jpg?imwidth=1536""/>"
"https://www2.hm.com/en_in/productpage.0967955115.html","data:image/gif;base64,R0lGODlhAQABAIAAAAAAAP///yH5BAEAAAAALAAAAAABAAEAAAIBRAA7","Save Loose Fit Printed T-shirt to favourites","Loose Fit Printed T-shirt","Rs.799.00","+19","","","<img data-src=""assets/hm/71/93/71933f98061e99f201935b283bbf9ec5448e2a63.jpg"" data-altimage=""assets/hm/71/93/71933f98061e99f201935b283bbf9ec5448e2a63.jpg"" data-alttext=""Loose Fit Printed T-shirt - Peach pink/Unavailable/Navy blue/Carmine LTD/White/Watch party/Plum/Handle With Care/Black/Lost Time/White/Destined Beyond/Sage green/Angel Ridge/White/Pasta/Yellow/Enjoy the Present/Plum purple/Orchards bookstore/Light beige/I Litterary Don’t Care/White/Playa de Alcudia/Blue/Still Water/Light blue/Le Club Bleu/Light blue/Wickford Hills/White/Frostbite Society/White/Greek Sardines/Blue/Cream/Listener/Navy blue/Not All Things Lost/White/New Haven/White/Cologne"" alt=""Loose Fit Printed T-shirt - Peach pink/Unavailable/Navy blue/Carmine LTD/White/Watch party/Plum/Handle With Care/Black/Lost Time/White/Destined Beyond/Sage green/Angel Ridge/White/Pasta/Yellow/Enjoy the Present/Plum purple/Orchards bookstore/Light beige/I Litterary Don’t Care/White/Playa de Alcudia/Blue/Still Water/Light blue/Le Club Bleu/Light blue/Wickford Hills/White/Frostbite Society/White/Greek Sardines/Blue/Cream/Listener/Navy blue/Not All Things Lost/White/New Haven/White/Cologne"" loading=""lazy"" decoding=""async"" data-nimg=""fill"" style=""position:absolute;top:0;left:0;bottom:0;right:0;box-sizing:border-box;padding:0;border:none;margin:auto;display:block;width:0;height:0;min-width:100%;max-width:100%;min-height:100%;max-height:100%;object-fit:contain;object-position:50% 50%"" sizes=""(max-width: 420px) calc(50vw - 48px), (max-width: 768px) calc((100vw - 224px - 64px) / 3), calc((100vw - 224px - 64px) / 4)"" srcSet=""https://image.hm.com/assets/hm/55/74/557463be5851231108919dacc5707574a1e5863b.jpg?imwidth=16 16w, https://image.hm.com/assets/hm/55/74/557463be5851231108919dacc5707574a1e5863b.jpg?imwidth=32 32w, https://image.hm.com/assets/hm/55/74/557463be5851231108919dacc5707574a1e5863b.jpg?imwidth=48 48w, https://image.hm.com/assets/hm/55/74/557463be5851231108919dacc5707574a1e5863b.jpg?imwidth=64 64w, https://image.hm.com/assets/hm/55/74/557463be5851231108919dacc5707574a1e5863b.jpg?imwidth=96 96w, https://image.hm.com/assets/hm/55/74/557463be5851231108919dacc5707574a1e5863b.jpg?imwidth=128 128w, https://image.hm.com/assets/hm/55/74/557463be5851231108919dacc5707574a1e5863b.jpg?imwidth=180 180w, https://image.hm.com/assets/hm/55/74/557463be5851231108919dacc5707574a1e5863b.jpg?imwidth=256 256w, https://image.hm.com/assets/hm/55/74/557463be5851231108919dacc5707574a1e5863b.jpg?imwidth=264 264w, https://image.hm.com/assets/hm/55/74/557463be5851231108919dacc5707574a1e5863b.jpg?imwidth=384 384w, https://image.hm.com/assets/hm/55/74/557463be5851231108919dacc5707574a1e5863b.jpg?imwidth=396 396w, https://image.hm.com/assets/hm/55/74/557463be5851231108919dacc5707574a1e5863b.jpg?imwidth=564 564w, https://image.hm.com/assets/hm/55/74/557463be5851231108919dacc5707574a1e5863b.jpg?imwidth=657 657w, https://image.hm.com/assets/hm/55/74/557463be5851231108919dacc5707574a1e5863b.jpg?imwidth=768 768w, https://image.hm.com/assets/hm/55/74/557463be5851231108919dacc5707574a1e5863b.jpg?imwidth=820 820w, https://image.hm.com/assets/hm/55/74/557463be5851231108919dacc5707574a1e5863b.jpg?imwidth=1260 1260w, https://image.hm.com/assets/hm/55/74/557463be5851231108919dacc5707574a1e5863b.jpg?imwidth=1536 1536w"" src=""https://image.hm.com/assets/hm/55/74/557463be5851231108919dacc5707574a1e5863b.jpg?imwidth=1536""/>"
"https://www2.hm.com/en_in/productpage.0948439003.html","data:image/gif;base64,R0lGODlhAQABAIAAAAAAAP///yH5BAEAAAAALAAAAAABAAEAAAIBRAA7","Save COOLMAX® Slim Fit T-shirt to favourites","COOLMAX® Slim Fit T-shirt","Rs.1,299.00","+3","","","<img data-src=""assets/hm/53/3d/533db69fa54c3098a4060ae0fa59aaf42b9d6eca.jpg"" data-altimage=""assets/hm/53/3d/533db69fa54c3098a4060ae0fa59aaf42b9d6eca.jpg"" data-alttext=""COOLMAX® Slim Fit T-shirt - Black/White/Blue/Dark grey/Beige/Green"" alt=""COOLMAX® Slim Fit T-shirt - Black/White/Blue/Dark grey/Beige/Green"" loading=""lazy"" decoding=""async"" data-nimg=""fill"" style=""position:absolute;top:0;left:0;bottom:0;right:0;box-sizing:border-box;padding:0;border:none;margin:auto;display:block;width:0;height:0;min-width:100%;max-width:100%;min-height:100%;max-height:100%;object-fit:contain;object-position:50% 50%"" sizes=""(max-width: 420px) calc(50vw - 48px), (max-width: 768px) calc((100vw - 224px - 64px) / 3), calc((100vw - 224px - 64px) / 4)"" srcSet=""https://image.hm.com/assets/hm/26/24/2624d894e83896dfe65be1f6aea0a625cf46314a.jpg?imwidth=16 16w, https://image.hm.com/assets/hm/26/24/2624d894e83896dfe65be1f6aea0a625cf46314a.jpg?imwidth=32 32w, https://image.hm.com/assets/hm/26/24/2624d894e83896dfe65be1f6aea0a625cf46314a.jpg?imwidth=48 48w, https://image.hm.com/assets/hm/26/24/2624d894e83896dfe65be1f6aea0a625cf46314a.jpg?imwidth=64 64w, https://image.hm.com/assets/hm/26/24/2624d894e83896dfe65be1f6aea0a625cf46314a.jpg?imwidth=96 96w, https://image.hm.com/assets/hm/26/24/2624d894e83896dfe65be1f6aea0a625cf46314a.jpg?imwidth=128 128w, https://image.hm.com/assets/hm/26/24/2624d894e83896dfe65be1f6aea0a625cf46314a.jpg?imwidth=180 180w, https://image.hm.com/assets/hm/26/24/2624d894e83896dfe65be1f6aea0a625cf46314a.jpg?imwidth=256 256w, https://image.hm.com/assets/hm/26/24/2624d894e83896dfe65be1f6aea0a625cf46314a.jpg?imwidth=264 264w, https://image.hm.com/assets/hm/26/24/2624d894e83896dfe65be1f6aea0a625cf46314a.jpg?imwidth=384 384w, https://image.hm.com/assets/hm/26/24/2624d894e83896dfe65be1f6aea0a625cf46314a.jpg?imwidth=396 396w, https://image.hm.com/assets/hm/26/24/2624d894e83896dfe65be1f6aea0a625cf46314a.jpg?imwidth=564 564w, https://image.hm.com/assets/hm/26/24/2624d894e83896dfe65be1f6aea0a625cf46314a.jpg?imwidth=657 657w, https://image.hm.com/assets/hm/26/24/2624d894e83896dfe65be1f6aea0a625cf46314a.jpg?imwidth=768 768w, https://image.hm.com/assets/hm/26/24/2624d894e83896dfe65be1f6aea0a625cf46314a.jpg?imwidth=820 820w, https://image.hm.com/assets/hm/26/24/2624d894e83896dfe65be1f6aea0a625cf46314a.jpg?imwidth=1260 1260w, https://image.hm.com/assets/hm/26/24/2624d894e83896dfe65be1f6aea0a625cf46314a.jpg?imwidth=1536 1536w"" src=""https://image.hm.com/assets/hm/26/24/2624d894e83896dfe65be1f6aea0a625cf46314a.jpg?imwidth=1536""/>"
"https://www2.hm.com/en_in/productpage.0578630078.html","","Save 3-pack Slim Fit T-shirts to favourites","3-pack Slim Fit T-shirts","Rs.1,999.00","+4","3 pcs","Rs.666.33",""
"https://www2.hm.com/en_in/productpage.0890930023.html","","Save 3-pack Regular Fit jersey tops to favourites","3-pack Regular Fit jersey tops","Rs.2,299.00","","3 pcs","Rs.766.33",""
"https://www2.hm.com/en_in/productpage.1101074002.html","data:image/gif;base64,R0lGODlhAQABAIAAAAAAAP///yH5BAEAAAAALAAAAAABAAEAAAIBRAA7","Save Slim Fit Pima cotton T-shirt to favourites","Slim Fit Pima cotton T-shirt","Rs.1,299.00","+6","","","<img data-src=""assets/hm/2b/89/2b89e75e6fbff66a7588c72023d907352d18ed93.jpg"" data-altimage=""assets/hm/2b/89/2b89e75e6fbff66a7588c72023d907352d18ed93.jpg"" data-alttext=""Slim Fit Pima cotton T-shirt - Black/White/Grey marl/Navy blue/Yellow/Light blue/Light grey marl/Mint green/Dark khaki green"" alt=""Slim Fit Pima cotton T-shirt - Black/White/Grey marl/Navy blue/Yellow/Light blue/Light grey marl/Mint green/Dark khaki green"" loading=""lazy"" decoding=""async"" data-nimg=""fill"" style=""position:absolute;top:0;left:0;bottom:0;right:0;box-sizing:border-box;padding:0;border:none;margin:auto;display:block;width:0;height:0;min-width:100%;max-width:100%;min-height:100%;max-height:100%;object-fit:contain;object-position:50% 50%"" sizes=""(max-width: 420px) calc(50vw - 48px), (max-width: 768px) calc((100vw - 224px - 64px) / 3), calc((100vw - 224px - 64px) / 4)"" srcSet=""https://image.hm.com/assets/hm/7c/fa/7cfa9be6554e6a7263e60cbe8f69d501573b96c8.jpg?imwidth=16 16w, https://image.hm.com/assets/hm/7c/fa/7cfa9be6554e6a7263e60cbe8f69d501573b96c8.jpg?imwidth=32 32w, https://image.hm.com/assets/hm/7c/fa/7cfa9be6554e6a7263e60cbe8f69d501573b96c8.jpg?imwidth=48 48w, https://image.hm.com/assets/hm/7c/fa/7cfa9be6554e6a7263e60cbe8f69d501573b96c8.jpg?imwidth=64 64w, https://image.hm.com/assets/hm/7c/fa/7cfa9be6554e6a7263e60cbe8f69d501573b96c8.jpg?imwidth=96 96w, https://image.hm.com/assets/hm/7c/fa/7cfa9be6554e6a7263e60cbe8f69d501573b96c8.jpg?imwidth=128 128w, https://image.hm.com/assets/hm/7c/fa/7cfa9be6554e6a7263e60cbe8f69d501573b96c8.jpg?imwidth=180 180w, https://image.hm.com/assets/hm/7c/fa/7cfa9be6554e6a7263e60cbe8f69d501573b96c8.jpg?imwidth=256 256w, https://image.hm.com/assets/hm/7c/fa/7cfa9be6554e6a7263e60cbe8f69d501573b96c8.jpg?imwidth=264 264w, https://image.hm.com/assets/hm/7c/fa/7cfa9be6554e6a7263e60cbe8f69d501573b96c8.jpg?imwidth=384 384w, https://image.hm.com/assets/hm/7c/fa/7cfa9be6554e6a7263e60cbe8f69d501573b96c8.jpg?imwidth=396 396w, https://image.hm.com/assets/hm/7c/fa/7cfa9be6554e6a7263e60cbe8f69d501573b96c8.jpg?imwidth=564 564w, https://image.hm.com/assets/hm/7c/fa/7cfa9be6554e6a7263e60cbe8f69d501573b96c8.jpg?imwidth=657 657w, https://image.hm.com/assets/hm/7c/fa/7cfa9be6554e6a7263e60cbe8f69d501573b96c8.jpg?imwidth=768 768w, https://image.hm.com/assets/hm/7c/fa/7cfa9be6554e6a7263e60cbe8f69d501573b96c8.jpg?imwidth=820 820w, https://image.hm.com/assets/hm/7c/fa/7cfa9be6554e6a7263e60cbe8f69d501573b96c8.jpg?imwidth=1260 1260w, https://image.hm.com/assets/hm/7c/fa/7cfa9be6554e6a7263e60cbe8f69d501573b96c8.jpg?imwidth=1536 1536w"" src=""https://image.hm.com/assets/hm/7c/fa/7cfa9be6554e6a7263e60cbe8f69d501573b96c8.jpg?imwidth=1536""/>"
"https://www2.hm.com/en_in/productpage.0967153002.html","data:image/gif;base64,R0lGODlhAQABAIAAAAAAAP///yH5BAEAAAAALAAAAAABAAEAAAIBRAA7","Save COOLMAX® Regular Fit T-shirt to favourites","COOLMAX® Regular Fit T-shirt","Rs.999.00","+6","","","<img data-src=""assets/hm/a1/19/a119356e3f82826f2e24f810c04b40f467c8be60.jpg"" data-altimage=""assets/hm/a1/19/a119356e3f82826f2e24f810c04b40f467c8be60.jpg"" data-alttext=""COOLMAX® Regular Fit T-shirt - Black/White/Light blue/Dark grey/Light beige/Mint green/Navy blue/Beige/Dark greige"" alt=""COOLMAX® Regular Fit T-shirt - Black/White/Light blue/Dark grey/Light beige/Mint green/Navy blue/Beige/Dark greige"" loading=""lazy"" decoding=""async"" data-nimg=""fill"" style=""position:absolute;top:0;left:0;bottom:0;right:0;box-sizing:border-box;padding:0;border:none;margin:auto;display:block;width:0;height:0;min-width:100%;max-width:100%;min-height:100%;max-height:100%;object-fit:contain;object-position:50% 50%"" sizes=""(max-width: 420px) calc(50vw - 48px), (max-width: 768px) calc((100vw - 224px - 64px) / 3), calc((100vw - 224px - 64px) / 4)"" srcSet=""https://image.hm.com/assets/hm/8d/48/8d48948e0da3fb9a77ef806af0aad504b6d3a349.jpg?imwidth=16 16w, https://image.hm.com/assets/hm/8d/48/8d48948e0da3fb9a77ef806af0aad504b6d3a349.jpg?imwidth=32 32w, https://image.hm.com/assets/hm/8d/48/8d48948e0da3fb9a77ef806af0aad504b6d3a349.jpg?imwidth=48 48w, https://image.hm.com/assets/hm/8d/48/8d48948e0da3fb9a77ef806af0aad504b6d3a349.jpg?imwidth=64 64w, https://image.hm.com/assets/hm/8d/48/8d48948e0da3fb9a77ef806af0aad504b6d3a349.jpg?imwidth=96 96w, https://image.hm.com/assets/hm/8d/48/8d48948e0da3fb9a77ef806af0aad504b6d3a349.jpg?imwidth=128 128w, https://image.hm.com/assets/hm/8d/48/8d48948e0da3fb9a77ef806af0aad504b6d3a349.jpg?imwidth=180 180w, https://image.hm.com/assets/hm/8d/48/8d48948e0da3fb9a77ef806af0aad504b6d3a349.jpg?imwidth=256 256w, https://image.hm.com/assets/hm/8d/48/8d48948e0da3fb9a77ef806af0aad504b6d3a349.jpg?imwidth=264 264w, https://image.hm.com/assets/hm/8d/48/8d48948e0da3fb9a77ef806af0aad504b6d3a349.jpg?imwidth=384 384w, https://image.hm.com/assets/hm/8d/48/8d48948e0da3fb9a77ef806af0aad504b6d3a349.jpg?imwidth=396 396w, https://image.hm.com/assets/hm/8d/48/8d48948e0da3fb9a77ef806af0aad504b6d3a349.jpg?imwidth=564 564w, https://image.hm.com/assets/hm/8d/48/8d48948e0da3fb9a77ef806af0aad504b6d3a349.jpg?imwidth=657 657w, https://image.hm.com/assets/hm/8d/48/8d48948e0da3fb9a77ef806af0aad504b6d3a349.jpg?imwidth=768 768w, https://image.hm.com/assets/hm/8d/48/8d48948e0da3fb9a77ef806af0aad504b6d3a349.jpg?imwidth=820 820w, https://image.hm.com/assets/hm/8d/48/8d48948e0da3fb9a77ef806af0aad504b6d3a349.jpg?imwidth=1260 1260w, https://image.hm.com/assets/hm/8d/48/8d48948e0da3fb9a77ef806af0aad504b6d3a349.jpg?imwidth=1536 1536w"" src=""https://image.hm.com/assets/hm/8d/48/8d48948e0da3fb9a77ef806af0aad504b6d3a349.jpg?imwidth=1536""/>"
"https://www2.hm.com/en_in/productpage.1269057003.html","data:image/gif;base64,R0lGODlhAQABAIAAAAAAAP///yH5BAEAAAAALAAAAAABAAEAAAIBRAA7","Save Oversized Fit Printed T-shirt to favourites","Oversized Fit Printed T-shirt","Rs.1,499.00","+1","","","<img data-src=""assets/hm/ba/b3/bab37d736266bcb071c1cd421f447c35f05e794b.jpg"" data-altimage=""assets/hm/ba/b3/bab37d736266bcb071c1cd421f447c35f05e794b.jpg"" data-alttext=""Oversized Fit Printed T-shirt - White/Saint-Lowell-De-Luz/White/Butterfly/White/The Palmera Collective/White/Tommy&#x27;s Diner"" alt=""Oversized Fit Printed T-shirt - White/Saint-Lowell-De-Luz/White/Butterfly/White/The Palmera Collective/White/Tommy&#x27;s Diner"" loading=""lazy"" decoding=""async"" data-nimg=""fill"" style=""position:absolute;top:0;left:0;bottom:0;right:0;box-sizing:border-box;padding:0;border:none;margin:auto;display:block;width:0;height:0;min-width:100%;max-width:100%;min-height:100%;max-height:100%;object-fit:contain;object-position:50% 50%"" sizes=""(max-width: 420px) calc(50vw - 48px), (max-width: 768px) calc((100vw - 224px - 64px) / 3), calc((100vw - 224px - 64px) / 4)"" srcSet=""https://image.hm.com/assets/hm/6f/f4/6ff4f001e04fa84d66d55aa54123947e1e6998df.jpg?imwidth=16 16w, https://image.hm.com/assets/hm/6f/f4/6ff4f001e04fa84d66d55aa54123947e1e6998df.jpg?imwidth=32 32w, https://image.hm.com/assets/hm/6f/f4/6ff4f001e04fa84d66d55aa54123947e1e6998df.jpg?imwidth=48 48w, https://image.hm.com/assets/hm/6f/f4/6ff4f001e04fa84d66d55aa54123947e1e6998df.jpg?imwidth=64 64w, https://image.hm.com/assets/hm/6f/f4/6ff4f001e04fa84d66d55aa54123947e1e6998df.jpg?imwidth=96 96w, https://image.hm.com/assets/hm/6f/f4/6ff4f001e04fa84d66d55aa54123947e1e6998df.jpg?imwidth=128 128w, https://image.hm.com/assets/hm/6f/f4/6ff4f001e04fa84d66d55aa54123947e1e6998df.jpg?imwidth=180 180w, https://image.hm.com/assets/hm/6f/f4/6ff4f001e04fa84d66d55aa54123947e1e6998df.jpg?imwidth=256 256w, https://image.hm.com/assets/hm/6f/f4/6ff4f001e04fa84d66d55aa54123947e1e6998df.jpg?imwidth=264 264w, https://image.hm.com/assets/hm/6f/f4/6ff4f001e04fa84d66d55aa54123947e1e6998df.jpg?imwidth=384 384w, https://image.hm.com/assets/hm/6f/f4/6ff4f001e04fa84d66d55aa54123947e1e6998df.jpg?imwidth=396 396w, https://image.hm.com/assets/hm/6f/f4/6ff4f001e04fa84d66d55aa54123947e1e6998df.jpg?imwidth=564 564w, https://image.hm.com/assets/hm/6f/f4/6ff4f001e04fa84d66d55aa54123947e1e6998df.jpg?imwidth=657 657w, https://image.hm.com/assets/hm/6f/f4/6ff4f001e04fa84d66d55aa54123947e1e6998df.jpg?imwidth=768 768w, https://image.hm.com/assets/hm/6f/f4/6ff4f001e04fa84d66d55aa54123947e1e6998df.jpg?imwidth=820 820w, https://image.hm.com/assets/hm/6f/f4/6ff4f001e04fa84d66d55aa54123947e1e6998df.jpg?imwidth=1260 1260w, https://image.hm.com/assets/hm/6f/f4/6ff4f001e04fa84d66d55aa54123947e1e6998df.jpg?imwidth=1536 1536w"" src=""https://image.hm.com/assets/hm/6f/f4/6ff4f001e04fa84d66d55aa54123947e1e6998df.jpg?imwidth=1536""/>"
"https://www2.hm.com/en_in/productpage.0570003127.html","data:image/gif;base64,R0lGODlhAQABAIAAAAAAAP///yH5BAEAAAAALAAAAAABAAEAAAIBRAA7","Save Slim Fit V-neck T-shirt to favourites","Slim Fit V-neck T-shirt","Rs.699.00","","","","<img data-src=""assets/hm/d0/a4/d0a4f75c8060357decf49d0770a1a998b131ad50.jpg"" data-altimage=""assets/hm/d0/a4/d0a4f75c8060357decf49d0770a1a998b131ad50.jpg"" data-alttext=""Slim Fit V-neck T-shirt - Navy blue/Black/White"" alt=""Slim Fit V-neck T-shirt - Navy blue/Black/White"" loading=""lazy"" decoding=""async"" data-nimg=""fill"" style=""position:absolute;top:0;left:0;bottom:0;right:0;box-sizing:border-box;padding:0;border:none;margin:auto;display:block;width:0;height:0;min-width:100%;max-width:100%;min-height:100%;max-height:100%;object-fit:contain;object-position:50% 50%"" sizes=""(max-width: 420px) calc(50vw - 48px), (max-width: 768px) calc((100vw - 224px - 64px) / 3), calc((100vw - 224px - 64px) / 4)"" srcSet=""https://image.hm.com/assets/hm/11/37/11370b7136b8f9745406230fb8ece7fa21c37529.jpg?imwidth=16 16w, https://image.hm.com/assets/hm/11/37/11370b7136b8f9745406230fb8ece7fa21c37529.jpg?imwidth=32 32w, https://image.hm.com/assets/hm/11/37/11370b7136b8f9745406230fb8ece7fa21c37529.jpg?imwidth=48 48w, https://image.hm.com/assets/hm/11/37/11370b7136b8f9745406230fb8ece7fa21c37529.jpg?imwidth=64 64w, https://image.hm.com/assets/hm/11/37/11370b7136b8f9745406230fb8ece7fa21c37529.jpg?imwidth=96 96w, https://image.hm.com/assets/hm/11/37/11370b7136b8f9745406230fb8ece7fa21c37529.jpg?imwidth=128 128w, https://image.hm.com/assets/hm/11/37/11370b7136b8f9745406230fb8ece7fa21c37529.jpg?imwidth=180 180w, https://image.hm.com/assets/hm/11/37/11370b7136b8f9745406230fb8ece7fa21c37529.jpg?imwidth=256 256w, https://image.hm.com/assets/hm/11/37/11370b7136b8f9745406230fb8ece7fa21c37529.jpg?imwidth=264 264w, https://image.hm.com/assets/hm/11/37/11370b7136b8f9745406230fb8ece7fa21c37529.jpg?imwidth=384 384w, https://image.hm.com/assets/hm/11/37/11370b7136b8f9745406230fb8ece7fa21c37529.jpg?imwidth=396 396w, https://image.hm.com/assets/hm/11/37/11370b7136b8f9745406230fb8ece7fa21c37529.jpg?imwidth=564 564w, https://image.hm.com/assets/hm/11/37/11370b7136b8f9745406230fb8ece7fa21c37529.jpg?imwidth=657 657w, https://image.hm.com/assets/hm/11/37/11370b7136b8f9745406230fb8ece7fa21c37529.jpg?imwidth=768 768w, https://image.hm.com/assets/hm/11/37/11370b7136b8f9745406230fb8ece7fa21c37529.jpg?imwidth=820 820w, https://image.hm.com/assets/hm/11/37/11370b7136b8f9745406230fb8ece7fa21c37529.jpg?imwidth=1260 1260w, https://image.hm.com/assets/hm/11/37/11370b7136b8f9745406230fb8ece7fa21c37529.jpg?imwidth=1536 1536w"" src=""https://image.hm.com/assets/hm/11/37/11370b7136b8f9745406230fb8ece7fa21c37529.jpg?imwidth=1536""/>"
"https://www2.hm.com/en_in/productpage.0624684051.html","","Save 5-pack Slim Fit T-shirts to favourites","5-pack Slim Fit T-shirts","Rs.2,999.00","+3","5 pcs","Rs.599.80",""
"https://www2.hm.com/en_in/productpage.1257122002.html","data:image/gif;base64,R0lGODlhAQABAIAAAAAAAP///yH5BAEAAAAALAAAAAABAAEAAAIBRAA7","Save Loose Fit Printed Scuba T-shirt to favourites","Loose Fit Printed Scuba T-shirt","Rs.1,999.00","","","","<img data-src=""assets/hm/17/9f/179f3e30fedb00e8e843708316b837d4d592e978.jpg"" data-altimage=""assets/hm/17/9f/179f3e30fedb00e8e843708316b837d4d592e978.jpg"" data-alttext=""Loose Fit Printed Scuba T-shirt - Black/W1F LDN/Cream/W1F LDN"" alt=""Loose Fit Printed Scuba T-shirt - Black/W1F LDN/Cream/W1F LDN"" loading=""lazy"" decoding=""async"" data-nimg=""fill"" style=""position:absolute;top:0;left:0;bottom:0;right:0;box-sizing:border-box;padding:0;border:none;margin:auto;display:block;width:0;height:0;min-width:100%;max-width:100%;min-height:100%;max-height:100%;object-fit:contain;object-position:50% 50%"" sizes=""(max-width: 420px) calc(50vw - 48px), (max-width: 768px) calc((100vw - 224px - 64px) / 3), calc((100vw - 224px - 64px) / 4)"" srcSet=""https://image.hm.com/assets/hm/9e/72/9e72afada222748a706a588ae07416a8b49905b5.jpg?imwidth=16 16w, https://image.hm.com/assets/hm/9e/72/9e72afada222748a706a588ae07416a8b49905b5.jpg?imwidth=32 32w, https://image.hm.com/assets/hm/9e/72/9e72afada222748a706a588ae07416a8b49905b5.jpg?imwidth=48 48w, https://image.hm.com/assets/hm/9e/72/9e72afada222748a706a588ae07416a8b49905b5.jpg?imwidth=64 64w, https://image.hm.com/assets/hm/9e/72/9e72afada222748a706a588ae07416a8b49905b5.jpg?imwidth=96 96w, https://image.hm.com/assets/hm/9e/72/9e72afada222748a706a588ae07416a8b49905b5.jpg?imwidth=128 128w, https://image.hm.com/assets/hm/9e/72/9e72afada222748a706a588ae07416a8b49905b5.jpg?imwidth=180 180w, https://image.hm.com/assets/hm/9e/72/9e72afada222748a706a588ae07416a8b49905b5.jpg?imwidth=256 256w, https://image.hm.com/assets/hm/9e/72/9e72afada222748a706a588ae07416a8b49905b5.jpg?imwidth=264 264w, https://image.hm.com/assets/hm/9e/72/9e72afada222748a706a588ae07416a8b49905b5.jpg?imwidth=384 384w, https://image.hm.com/assets/hm/9e/72/9e72afada222748a706a588ae07416a8b49905b5.jpg?imwidth=396 396w, https://image.hm.com/assets/hm/9e/72/9e72afada222748a706a588ae07416a8b49905b5.jpg?imwidth=564 564w, https://image.hm.com/assets/hm/9e/72/9e72afada222748a706a588ae07416a8b49905b5.jpg?imwidth=657 657w, https://image.hm.com/assets/hm/9e/72/9e72afada222748a706a588ae07416a8b49905b5.jpg?imwidth=768 768w, https://image.hm.com/assets/hm/9e/72/9e72afada222748a706a588ae07416a8b49905b5.jpg?imwidth=820 820w, https://image.hm.com/assets/hm/9e/72/9e72afada222748a706a588ae07416a8b49905b5.jpg?imwidth=1260 1260w, https://image.hm.com/assets/hm/9e/72/9e72afada222748a706a588ae07416a8b49905b5.jpg?imwidth=1536 1536w"" src=""https://image.hm.com/assets/hm/9e/72/9e72afada222748a706a588ae07416a8b49905b5.jpg?imwidth=1536""/>"
"https://www2.hm.com/en_in/productpage.0795243001.html","data:image/gif;base64,R0lGODlhAQABAIAAAAAAAP///yH5BAEAAAAALAAAAAABAAEAAAIBRAA7","Save Slim Fit Waffled jersey top to favourites","Slim Fit Waffled jersey top","Rs.1,499.00","+2","","","<img data-src=""assets/hm/52/9e/529ec58f5da4b7995dbacf8bf81bdddf83cefd71.jpg"" data-altimage=""assets/hm/52/9e/529ec58f5da4b7995dbacf8bf81bdddf83cefd71.jpg"" data-alttext=""Slim Fit Waffled jersey top - Black/Light grey/Dark brown/White/Light beige"" alt=""Slim Fit Waffled jersey top - Black/Light grey/Dark brown/White/Light beige"" loading=""lazy"" decoding=""async"" data-nimg=""fill"" style=""position:absolute;top:0;left:0;bottom:0;right:0;box-sizing:border-box;padding:0;border:none;margin:auto;display:block;width:0;height:0;min-width:100%;max-width:100%;min-height:100%;max-height:100%;object-fit:contain;object-position:50% 50%"" sizes=""(max-width: 420px) calc(50vw - 48px), (max-width: 768px) calc((100vw - 224px - 64px) / 3), calc((100vw - 224px - 64px) / 4)"" srcSet=""https://image.hm.com/assets/hm/26/4d/264d2630fc33392d49f14deee5ce529550e8f110.jpg?imwidth=16 16w, https://image.hm.com/assets/hm/26/4d/264d2630fc33392d49f14deee5ce529550e8f110.jpg?imwidth=32 32w, https://image.hm.com/assets/hm/26/4d/264d2630fc33392d49f14deee5ce529550e8f110.jpg?imwidth=48 48w, https://image.hm.com/assets/hm/26/4d/264d2630fc33392d49f14deee5ce529550e8f110.jpg?imwidth=64 64w, https://image.hm.com/assets/hm/26/4d/264d2630fc33392d49f14deee5ce529550e8f110.jpg?imwidth=96 96w, https://image.hm.com/assets/hm/26/4d/264d2630fc33392d49f14deee5ce529550e8f110.jpg?imwidth=128 128w, https://image.hm.com/assets/hm/26/4d/264d2630fc33392d49f14deee5ce529550e8f110.jpg?imwidth=180 180w, https://image.hm.com/assets/hm/26/4d/264d2630fc33392d49f14deee5ce529550e8f110.jpg?imwidth=256 256w, https://image.hm.com/assets/hm/26/4d/264d2630fc33392d49f14deee5ce529550e8f110.jpg?imwidth=264 264w, https://image.hm.com/assets/hm/26/4d/264d2630fc33392d49f14deee5ce529550e8f110.jpg?imwidth=384 384w, https://image.hm.com/assets/hm/26/4d/264d2630fc33392d49f14deee5ce529550e8f110.jpg?imwidth=396 396w, https://image.hm.com/assets/hm/26/4d/264d2630fc33392d49f14deee5ce529550e8f110.jpg?imwidth=564 564w, https://image.hm.com/assets/hm/26/4d/264d2630fc33392d49f14deee5ce529550e8f110.jpg?imwidth=657 657w, https://image.hm.com/assets/hm/26/4d/264d2630fc33392d49f14deee5ce529550e8f110.jpg?imwidth=768 768w, https://image.hm.com/assets/hm/26/4d/264d2630fc33392d49f14deee5ce529550e8f110.jpg?imwidth=820 820w, https://image.hm.com/assets/hm/26/4d/264d2630fc33392d49f14deee5ce529550e8f110.jpg?imwidth=1260 1260w, https://image.hm.com/assets/hm/26/4d/264d2630fc33392d49f14deee5ce529550e8f110.jpg?imwidth=1536 1536w"" src=""https://image.hm.com/assets/hm/26/4d/264d2630fc33392d49f14deee5ce529550e8f110.jpg?imwidth=1536""/>"